{
    "Pd": -0.36259556,
    "Sc": -0.53887365,
    "Ti": -0.7954072,
    "V": -1.07970746,
    "Mn": -1.31038448,
    "Fe": -1.3575169,
    "Co": -0.90030351,
    "Ni": -0.49399452,
    "Cu": -0.25260203,
    "Zn": -0.11389156,
    "Y": -2.81622299,
    "Zr": -0.10195565,
    "Nb": -0.94465297,
    "Mo": -0.76108613,
    "Ru": -1.20819791,
    "Rh": -0.6742065,
    "Ag": -0.09120301
}