{
    "Pd": 0.84367678,
    "Sc": 0.02618139,
    "Ti": 0.52069347,
    "V": 0.49457561,
    "Mn": 0.12548745,
    "Fe": 0.25444277,
    "Co": 0.88424493,
    "Ni": 1.08899474,
    "Cu": 1.63519557,
    "Zn": 0.95501516,
    "Y": -2.35443569,
    "Zr": -1.03550915,
    "Nb": 0.56285378,
    "Mo": 0.53497152,
    "Ru": 0.74170351,
    "Rh": 0.94914527,
    "Ag": 1.98430517
}